country,year,ghi_pred
Afghanistan,2025,30.760860684361433
Afghanistan,2026,30.359137422218623
Afghanistan,2027,29.957414160075814
Afghanistan,2028,29.55569089793289
Afghanistan,2029,29.15396763579008
Afghanistan,2030,28.752244373647386
Afghanistan,2031,28.350521111504577
Afghanistan,2032,27.948797849361654
Afghanistan,2033,27.547074587218844
Afghanistan,2034,27.145351325076035
Afghanistan,2035,26.743628062933226
Albania,2025,6.118610774245667
Albania,2026,5.704721641807282
Albania,2027,5.290832509368897
Albania,2028,4.876943376930399
Albania,2029,4.463054244492014
Albania,2030,4.049165112053515
Albania,2031,3.6352759796151304
Albania,2032,3.2213868471767455
Albania,2033,2.807497714738247
Albania,2034,2.3936085822997484
Albania,2035,1.9797194498613635
Algeria,2025,4.864672233497458
Algeria,2026,4.450164682205241
Algeria,2027,4.035657130913023
Algeria,2028,3.621149579620692
Algeria,2029,3.2066420283284742
Algeria,2030,2.792134477036143
Algeria,2031,2.3776269257439253
Algeria,2032,1.9631193744517077
Algeria,2033,1.5486118231593764
Algeria,2034,1.1341042718671588
Algeria,2035,0.7195967205748275
Angola,2025,34.82895729600398
Angola,2026,34.429236464782434
Angola,2027,34.02951563356089
Angola,2028,33.62979480233935
Angola,2029,33.23007397111769
Angola,2030,32.83035313989603
Angola,2031,32.4306323086746
Angola,2032,32.030911477452946
Angola,2033,31.631190646231403
Angola,2034,31.231469815009746
Angola,2035,30.831748983788202
Argentina,2025,0.6253489428339662
Argentina,2026,0.2087504386272485
Argentina,2027,0.0
Argentina,2028,0.0
Argentina,2029,0.0
Argentina,2030,0.0
Argentina,2031,0.0
Argentina,2032,0.0
Argentina,2033,0.0
Argentina,2034,0.0
Argentina,2035,0.0
Armenia,2025,5.206394978790854
Armenia,2026,4.792054116417603
Armenia,2027,4.377713254044465
Armenia,2028,3.9633723916712142
Armenia,2029,3.549031529297963
Armenia,2030,3.134690666924712
Armenia,2031,2.7203498045515744
Armenia,2032,2.3060089421782095
Armenia,2033,1.8916680798049583
Armenia,2034,1.4773272174317071
Armenia,2035,1.062986355058456
Azerbaijan,2025,8.167671860868154
Azerbaijan,2026,7.754791833700779
Azerbaijan,2027,7.341911806533403
Azerbaijan,2028,6.929031779366028
Azerbaijan,2029,6.5161517521986525
Azerbaijan,2030,6.103271725031163
Azerbaijan,2031,5.690391697863902
Azerbaijan,2032,5.277511670696526
Azerbaijan,2033,4.864631643529037
Azerbaijan,2034,4.451751616361662
Azerbaijan,2035,4.038871589194173
Bangladesh,2025,21.837074786989888
Bangladesh,2026,21.430946392221472
Bangladesh,2027,21.024817997453283
Bangladesh,2028,20.61868960268498
Bangladesh,2029,20.212561207916565
Bangladesh,2030,19.806432813148263
Bangladesh,2031,19.40030441837996
Bangladesh,2032,18.994176023611658
Bangladesh,2033,18.588047628843242
Bangladesh,2034,18.18191923407494
Bangladesh,2035,17.775790839306524
Belarus,2025,0.0
Belarus,2026,0.0
Belarus,2027,0.0
Belarus,2028,0.0
Belarus,2029,0.0
Belarus,2030,0.0
Belarus,2031,0.0
Belarus,2032,0.0
Belarus,2033,0.0
Belarus,2034,0.0
Belarus,2035,0.0
Benin,2025,21.87161384383637
Benin,2026,21.465504341137603
Benin,2027,21.059394838438834
Benin,2028,20.653285335740065
Benin,2029,20.247175833041297
Benin,2030,19.841066330342414
Benin,2031,19.43495682764376
Benin,2032,19.028847324944877
Benin,2033,18.62273782224611
Benin,2034,18.21662831954734
Benin,2035,17.810518816848457
Bolivia (Plurinat. State of),2025,14.871936498547598
Bolivia (Plurinat. State of),2026,14.462369430937315
Bolivia (Plurinat. State of),2027,14.052802363327032
Bolivia (Plurinat. State of),2028,13.643235295716636
Bolivia (Plurinat. State of),2029,13.233668228106353
Bolivia (Plurinat. State of),2030,12.824101160495957
Bolivia (Plurinat. State of),2031,12.414534092885788
Bolivia (Plurinat. State of),2032,12.004967025275391
Bolivia (Plurinat. State of),2033,11.595399957664995
Bolivia (Plurinat. State of),2034,11.185832890054712
Bolivia (Plurinat. State of),2035,10.776265822444316
Bosnia & Herzegovina,2025,1.0713265512357566
Bosnia & Herzegovina,2026,0.6549469262781713
Bosnia & Herzegovina,2027,0.23856730132081339
Bosnia & Herzegovina,2028,0.0
Bosnia & Herzegovina,2029,0.0
Bosnia & Herzegovina,2030,0.0
Bosnia & Herzegovina,2031,0.0
Bosnia & Herzegovina,2032,0.0
Bosnia & Herzegovina,2033,0.0
Bosnia & Herzegovina,2034,0.0
Bosnia & Herzegovina,2035,0.0
Botswana,2025,18.729244999892558
Botswana,2026,18.321584262644592
Botswana,2027,17.913923525396854
Botswana,2028,17.506262788149
Botswana,2029,17.098602050901036
Botswana,2030,16.690941313653184
Botswana,2031,16.283280576405446
Botswana,2032,15.875619839157594
Botswana,2033,15.467959101909628
Botswana,2034,15.060298364661776
Botswana,2035,14.652637627413924
Brazil,2025,2.252941488469901
Brazil,2026,1.8371451858018872
Brazil,2027,1.4213488831339873
Brazil,2028,1.00555258046586
Brazil,2029,0.5897562777978465
Brazil,2030,0.17395997512983286
Brazil,2031,0.0
Brazil,2032,0.0
Brazil,2033,0.0
Brazil,2034,0.0
Brazil,2035,0.0
Bulgaria,2025,1.828163050970943
Bulgaria,2026,1.4121575621082911
Bulgaria,2027,0.9961520732456393
Bulgaria,2028,0.5801465843828737
Bulgaria,2029,0.16414109552010814
Bulgaria,2030,0.0
Bulgaria,2031,0.0
Bulgaria,2032,0.0
Bulgaria,2033,0.0
Bulgaria,2034,0.0
Bulgaria,2035,0.0
Burkina Faso,2025,26.95979191023764
Burkina Faso,2026,26.556191248683945
Burkina Faso,2027,26.152590587130476
Burkina Faso,2028,25.748989925576893
Burkina Faso,2029,25.345389264023197
Burkina Faso,2030,24.941788602469614
Burkina Faso,2031,24.538187940916146
Burkina Faso,2032,24.13458727936245
Burkina Faso,2033,23.730986617808867
Burkina Faso,2034,23.32738595625517
Burkina Faso,2035,22.923785294701588
Cabo Verde,2025,6.779918501677685
Cabo Verde,2026,6.366357332404732
Cabo Verde,2027,5.952796163131666
Cabo Verde,2028,5.539234993858599
Cabo Verde,2029,5.125673824585533
Cabo Verde,2030,4.712112655312467
Cabo Verde,2031,4.298551486039514
Cabo Verde,2032,3.884990316766448
Cabo Verde,2033,3.4714291474933816
Cabo Verde,2034,3.057867978220429
Cabo Verde,2035,2.6443068089473627
Cambodia,2025,19.83044793537624
Cambodia,2026,19.42332492057426
Cambodia,2027,19.01620190577239
Cambodia,2028,18.60907889097041
Cambodia,2029,18.201955876168427
Cambodia,2030,17.794832861366444
Cambodia,2031,17.387709846564576
Cambodia,2032,16.980586831762594
Cambodia,2033,16.57346381696061
Cambodia,2034,16.16634080215863
Cambodia,2035,15.759217787356647
Cameroon,2025,20.72387175739152
Cameroon,2026,20.31719243944258
Cameroon,2027,19.910513121493636
Cameroon,2028,19.50383380354458
Cameroon,2029,19.097154485595524
Cameroon,2030,18.69047516764647
Cameroon,2031,18.283795849697526
Cameroon,2032,17.87711653174847
Cameroon,2033,17.470437213799414
Cameroon,2034,17.063757895850358
Cameroon,2035,16.657078577901302
Central African Republic,2025,33.78248958932659
Central African Republic,2026,33.38225892912794
Central African Republic,2027,32.9820282689293
Central African Republic,2028,32.58179760873054
Central African Republic,2029,32.181566948531895
Central African Republic,2030,31.781336288333137
Central African Republic,2031,31.381105628134492
Central African Republic,2032,30.980874967935847
Central African Republic,2033,30.58064430773709
Central African Republic,2034,30.18041364753833
Central African Republic,2035,29.780182987339685
Chad,2025,38.74297113083844
Chad,2026,38.345190807630274
Chad,2027,37.947410484421994
Chad,2028,37.54963016121383
Chad,2029,37.151849838005774
Chad,2030,36.75406951479749
Chad,2031,36.356289191589326
Chad,2032,35.958508868381045
Chad,2033,35.56072854517288
Chad,2034,35.16294822196471
Chad,2035,34.765167898756545
Chile,2025,0.0
Chile,2026,0.0
Chile,2027,0.0
Chile,2028,0.0
Chile,2029,0.0
Chile,2030,0.0
Chile,2031,0.0
Chile,2032,0.0
Chile,2033,0.0
Chile,2034,0.0
Chile,2035,0.0
China,2025,2.2224144273958473
China,2026,1.8066019992793372
China,2027,1.3907895711629408
China,2028,0.9749771430464307
China,2029,0.5591647149299206
China,2030,0.1433522868134105
China,2031,0.0
China,2032,0.0
China,2033,0.0
China,2034,0.0
China,2035,0.0
Colombia,2025,3.132423625175761
Colombia,2026,2.717061405352524
Colombia,2027,2.301699185529287
Colombia,2028,1.8863369657060503
Colombia,2029,1.4709747458826996
Colombia,2030,1.0556125260594627
Colombia,2031,0.6402503062362257
Colombia,2032,0.22488808641287505
Colombia,2033,0.0
Colombia,2034,0.0
Colombia,2035,0.0
Comoros,2025,21.878269530064017
Comoros,2026,21.472159691418483
Comoros,2027,21.066049852772835
Comoros,2028,20.659940014127187
Comoros,2029,20.25383017548154
Comoros,2030,19.84772033683589
Comoros,2031,19.441610498190357
Comoros,2032,19.03550065954471
Comoros,2033,18.62939082089906
Comoros,2034,18.223280982253414
Comoros,2035,17.817171143607766
Congo (Republic of),2025,24.182916886539033
Congo (Republic of),2026,23.77794807158523
Congo (Republic of),2027,23.372979256631425
Congo (Republic of),2028,22.968010441677507
Congo (Republic of),2029,22.563041626723702
Congo (Republic of),2030,22.158072811769784
Congo (Republic of),2031,21.753103996816094
Congo (Republic of),2032,21.348135181862176
Congo (Republic of),2033,20.943166366908372
Congo (Republic of),2034,20.538197551954454
Congo (Republic of),2035,20.133228737000536
Costa Rica,2025,0.06939937734784962
Costa Rica,2026,0.0
Costa Rica,2027,0.0
Costa Rica,2028,0.0
Costa Rica,2029,0.0
Costa Rica,2030,0.0
Costa Rica,2031,0.0
Costa Rica,2032,0.0
Costa Rica,2033,0.0
Costa Rica,2034,0.0
Costa Rica,2035,0.0
Croatia,2025,0.0
Croatia,2026,0.0
Croatia,2027,0.0
Croatia,2028,0.0
Croatia,2029,0.0
Croatia,2030,0.0
Croatia,2031,0.0
Croatia,2032,0.0
Croatia,2033,0.0
Croatia,2034,0.0
Croatia,2035,0.0
Côte d'Ivoire,2025,22.364904488865477
Côte d'Ivoire,2026,21.95903664063576
Côte d'Ivoire,2027,21.55316879240604
Côte d'Ivoire,2028,21.147300944176322
Côte d'Ivoire,2029,20.74143309594649
Côte d'Ivoire,2030,20.335565247716772
Côte d'Ivoire,2031,19.92969739948694
Côte d'Ivoire,2032,19.523829551257336
Côte d'Ivoire,2033,19.117961703027504
Côte d'Ivoire,2034,18.712093854797786
Côte d'Ivoire,2035,18.306226006567954
Dem. Rep. of the Congo,2025,34.196600344825356
Dem. Rep. of the Congo,2026,33.79657644014708
Dem. Rep. of the Congo,2027,33.39655253546903
Dem. Rep. of the Congo,2028,32.99652863079075
Dem. Rep. of the Congo,2029,32.59650472611247
Dem. Rep. of the Congo,2030,32.19648082143431
Dem. Rep. of the Congo,2031,31.796456916756142
Dem. Rep. of the Congo,2032,31.396433012077978
Dem. Rep. of the Congo,2033,30.9964091073997
Dem. Rep. of the Congo,2034,30.59638520272142
Dem. Rep. of the Congo,2035,30.196361298043257
Djibouti,2025,25.595981712299363
Djibouti,2026,25.19170656829226
Djibouti,2027,24.787431424285273
Djibouti,2028,24.383156280278058
Djibouti,2029,23.978881136270957
Djibouti,2030,23.574605992263855
Djibouti,2031,23.170330848256867
Djibouti,2032,22.766055704249652
Djibouti,2033,22.36178056024255
Djibouti,2034,21.95750541623545
Djibouti,2035,21.553230272228348
Dominican Republic,2025,5.895822569833399
Dominican Republic,2026,5.481824136101409
Dominican Republic,2027,5.067825702369419
Dominican Republic,2028,4.6538272686374285
Dominican Republic,2029,4.239828834905438
Dominican Republic,2030,3.825830401173448
Dominican Republic,2031,3.4118319674415716
Dominican Republic,2032,2.9978335337094677
Dominican Republic,2033,2.5838350999774775
Dominican Republic,2034,2.1698366662454873
Dominican Republic,2035,1.7558382325134971
Ecuador,2025,9.945191614727946
Ecuador,2026,9.533192548872421
Ecuador,2027,9.121193483016896
Ecuador,2028,8.709194417161484
Ecuador,2029,8.297195351305959
Ecuador,2030,7.885196285450434
Ecuador,2031,7.473197219594908
Ecuador,2032,7.061198153739383
Ecuador,2033,6.6491990878839715
Ecuador,2034,6.237200022028446
Ecuador,2035,5.825200956172921
Egypt,2025,10.131097971521399
Egypt,2026,9.719192624954417
Egypt,2027,9.307287278387548
Egypt,2028,8.895381931820452
Egypt,2029,8.48347658525347
Egypt,2030,8.071571238686488
Egypt,2031,7.659665892119506
Egypt,2032,7.247760545552524
Egypt,2033,6.835855198985541
Egypt,2034,6.4239498524184455
Egypt,2035,6.012044505851463
El Salvador,2025,5.646619600013878
El Salvador,2026,5.232498575326417
El Salvador,2027,4.81837755063907
El Salvador,2028,4.4042565259516095
El Salvador,2029,3.990135501264149
El Salvador,2030,3.576014476576688
El Salvador,2031,3.161893451889341
El Salvador,2032,2.7477724272018804
El Salvador,2033,2.3336514025144197
El Salvador,2034,1.919530377826959
El Salvador,2035,1.5054093531394983
Estonia,2025,0.0
Estonia,2026,0.0
Estonia,2027,0.0
Estonia,2028,0.0
Estonia,2029,0.0
Estonia,2030,0.0
Estonia,2031,0.0
Estonia,2032,0.0
Estonia,2033,0.0
Estonia,2034,0.0
Estonia,2035,0.0
Eswatini,2025,15.93261089701457
Eswatini,2026,15.523568380757638
Eswatini,2027,15.11452586450082
Eswatini,2028,14.705483348244002
Eswatini,2029,14.296440831987184
Eswatini,2030,13.887398315730366
Eswatini,2031,13.478355799473434
Eswatini,2032,13.069313283216616
Eswatini,2033,12.660270766959798
Eswatini,2034,12.25122825070298
Eswatini,2035,11.842185734446161
Ethiopia,2025,31.299458368131468
Ethiopia,2026,30.89799815236688
Ethiopia,2027,30.49653793660252
Ethiopia,2028,30.09507772083805
Ethiopia,2029,29.693617505073462
Ethiopia,2030,29.29215728930899
Ethiopia,2031,28.89069707354463
Ethiopia,2032,28.489236857780043
Ethiopia,2033,28.08777664201557
Ethiopia,2034,27.686316426250983
Ethiopia,2035,27.28485621048651
Fiji,2025,4.301665782206442
Fiji,2026,3.8868832781844276
Fiji,2027,3.472100774162641
Fiji,2028,3.0573182701406267
Fiji,2029,2.6425357661186126
Fiji,2030,2.227753262096712
Fiji,2031,1.8129707580748118
Fiji,2032,1.3981882540529114
Fiji,2033,0.9834057500308973
Fiji,2034,0.5686232460088831
Fiji,2035,0.15384074198698272
Gabon,2025,13.501069414804647
Gabon,2026,13.090827924025575
Gabon,2027,12.680586433246503
Gabon,2028,12.270344942467432
Gabon,2029,11.86010345168836
Gabon,2030,11.449861960909175
Gabon,2031,11.039620470130217
Gabon,2032,10.629378979351031
Gabon,2033,10.21913748857196
Gabon,2034,9.808895997792774
Gabon,2035,9.398654507013703
Gambia,2025,17.642256135912817
Gambia,2026,17.234057626815115
Gambia,2027,16.825859117717414
Gambia,2028,16.417660608619713
Gambia,2029,16.00946209952201
Gambia,2030,15.601263590424196
Gambia,2031,15.193065081326608
Gambia,2032,14.784866572228907
Gambia,2033,14.376668063131206
Gambia,2034,13.96846955403339
Gambia,2035,13.56027104493569
Georgia,2025,1.8725673906631073
Georgia,2026,1.4565826712199623
Georgia,2027,1.0405979517768174
Georgia,2028,0.6246132323336724
Georgia,2029,0.20862851289041373
Georgia,2030,0.0
Georgia,2031,0.0
Georgia,2032,0.0
Georgia,2033,0.0
Georgia,2034,0.0
Georgia,2035,0.0
Ghana,2025,14.993177936997881
Ghana,2026,14.583669847820147
Ghana,2027,14.174161758642526
Ghana,2028,13.764653669464792
Ghana,2029,13.355145580286944
Ghana,2030,12.94563749110921
Ghana,2031,12.53612940193159
Ghana,2032,12.126621312753741
Ghana,2033,11.717113223576007
Ghana,2034,11.307605134398273
Ghana,2035,10.898097045220425
Guatemala,2025,17.567625634829596
Guatemala,2026,17.159390438360333
Guatemala,2027,16.751155241891297
Guatemala,2028,16.342920045422147
Guatemala,2029,15.934684848952884
Guatemala,2030,15.526449652483734
Guatemala,2031,15.118214456014698
Guatemala,2032,14.709979259545435
Guatemala,2033,14.301744063076285
Guatemala,2034,13.893508866607135
Guatemala,2035,13.485273670137985
Guinea,2025,24.955536362884573
Guinea,2026,24.550947642141523
Guinea,2027,24.146358921398473
Guinea,2028,23.741770200655537
Guinea,2029,23.337181479912488
Guinea,2030,22.93259275916955
Guinea,2031,22.528004038426616
Guinea,2032,22.123415317683566
Guinea,2033,21.718826596940517
Guinea,2034,21.31423787619758
Guinea,2035,20.909649155454645
Guinea-Bissau,2025,26.757565184159375
Guinea-Bissau,2026,26.35386940024523
Guinea-Bissau,2027,25.950173616331085
Guinea-Bissau,2028,25.546477832416826
Guinea-Bissau,2029,25.142782048502568
Guinea-Bissau,2030,24.73908626458831
Guinea-Bissau,2031,24.335390480674278
Guinea-Bissau,2032,23.93169469676002
Guinea-Bissau,2033,23.52799891284576
Guinea-Bissau,2034,23.1243031289315
Guinea-Bissau,2035,22.720607345017243
Guyana,2025,7.6564919414485075
Guyana,2026,7.2433628492199205
Guyana,2027,6.830233756991447
Guyana,2028,6.41710466476286
Guyana,2029,6.003975572534273
Guyana,2030,5.590846480305686
Guyana,2031,5.1777173880772125
Guyana,2032,4.764588295848625
Guyana,2033,4.351459203620038
Guyana,2034,3.9383301113914513
Guyana,2035,3.525201019162864
Haiti,2025,30.981005198318485
Haiti,2026,30.579394340037084
Haiti,2027,30.17778348175591
Haiti,2028,29.77617262347451
Haiti,2029,29.374561765193107
Haiti,2030,28.972950906911706
Haiti,2031,28.571340048630418
Haiti,2032,28.16972919034913
Haiti,2033,27.76811833206773
Haiti,2034,27.366507473786328
Haiti,2035,26.964896615504927
Honduras,2025,12.33854735069292
Honduras,2026,11.927730778202772
Honduras,2027,11.516914205712737
Honduras,2028,11.106097633222475
Honduras,2029,10.695281060732327
Honduras,2030,10.284464488242179
Honduras,2031,9.87364791575203
Honduras,2032,9.462831343261996
Honduras,2033,9.052014770771848
Honduras,2034,8.6411981982817
Honduras,2035,8.230381625791438
Hungary,2025,0.17004344426095486
Hungary,2026,0.0
Hungary,2027,0.0
Hungary,2028,0.0
Hungary,2029,0.0
Hungary,2030,0.0
Hungary,2031,0.0
Hungary,2032,0.0
Hungary,2033,0.0
Hungary,2034,0.0
Hungary,2035,0.0
India,2025,27.377312862142958
India,2026,26.973921307737783
India,2027,26.570529753332607
India,2028,26.167138198927432
India,2029,25.763746644522143
India,2030,25.36035509011697
India,2031,24.956963535711793
India,2032,24.553571981306618
India,2033,24.15018042690133
India,2034,23.746788872496154
India,2035,23.343397318090865
Indonesia,2025,17.112621035939583
Indonesia,2026,16.70416073532374
Indonesia,2027,16.295700434708124
Indonesia,2028,15.88724013409228
Indonesia,2029,15.478779833476551
Indonesia,2030,15.070319532860708
Indonesia,2031,14.661859232245092
Indonesia,2032,14.253398931629249
Indonesia,2033,13.844938631013406
Indonesia,2034,13.436478330397676
Indonesia,2035,13.028018029781833
Iran (Islamic Republic of),2025,4.088141061273973
Iran (Islamic Republic of),2026,3.6732507183153302
Iran (Islamic Republic of),2027,3.258360375356574
Iran (Islamic Republic of),2028,2.843470032398045
Iran (Islamic Republic of),2029,2.4285796894394025
Iran (Islamic Republic of),2030,2.0136893464806462
Iran (Islamic Republic of),2031,1.5987990035220037
Iran (Islamic Republic of),2032,1.1839086605632474
Iran (Islamic Republic of),2033,0.7690183176047185
Iran (Islamic Republic of),2034,0.3541279746460759
Iran (Islamic Republic of),2035,0.0
Iraq,2025,12.938600356188203
Iraq,2026,12.528079357635534
Iraq,2027,12.117558359082864
Iraq,2028,11.70703736053008
Iraq,2029,11.296516361977297
Iraq,2030,10.885995363424513
Iraq,2031,10.475474364871843
Iraq,2032,10.06495336631906
Iraq,2033,9.654432367766276
Iraq,2034,9.243911369213492
Iraq,2035,8.833390370660823
Jamaica,2025,3.065415916060374
Jamaica,2026,2.650022265445614
Jamaica,2027,2.2346286148309673
Jamaica,2028,1.8192349642163208
Jamaica,2029,1.4038413136015606
Jamaica,2030,0.9884476629868004
Jamaica,2031,0.5730540123722676
Jamaica,2032,0.15766036175750742
Jamaica,2033,0.0
Jamaica,2034,0.0
Jamaica,2035,0.0
Jordan,2025,4.075266781598998
Jordan,2026,3.6603724863244906
Jordan,2027,3.245478191050097
Jordan,2028,2.8305838957755896
Jordan,2029,2.415689600501082
Jordan,2030,2.0007953052266885
Jordan,2031,1.5859010099522948
Jordan,2032,1.1710067146777874
Jordan,2033,0.75611241940328
Jordan,2034,0.3412181241287726
Jordan,2035,0.0
Kazakhstan,2025,2.903717726999048
Kazakhstan,2026,2.4882421251161304
Kazakhstan,2027,2.0727665232333266
Kazakhstan,2028,1.657290921350409
Kazakhstan,2029,1.2418153194674915
Kazakhstan,2030,0.8263397175845739
Kazakhstan,2031,0.41086411570177006
Kazakhstan,2032,0.0
Kazakhstan,2033,0.0
Kazakhstan,2034,0.0
Kazakhstan,2035,0.0
Kenya,2025,23.52712565329432
Kenya,2026,23.12183267927901
Kenya,2027,22.716539705263813
Kenya,2028,22.311246731248502
Kenya,2029,21.90595375723308
Kenya,2030,21.500660783217768
Kenya,2031,21.09536780920257
Kenya,2032,20.69007483518726
Kenya,2033,20.28478186117195
Kenya,2034,19.87948888715664
Kenya,2035,19.47419591314133
Korea (DPR),2025,26.62799885448112
Korea (DPR),2026,26.22423835139557
Korea (DPR),2027,25.820477848310134
Korea (DPR),2028,25.416717345224697
Korea (DPR),2029,25.012956842139147
Korea (DPR),2030,24.609196339053597
Korea (DPR),2031,24.20543583596816
Korea (DPR),2032,23.80167533288261
Korea (DPR),2033,23.397914829797173
Korea (DPR),2034,22.994154326711623
Korea (DPR),2035,22.590393823626073
Kuwait,2025,0.0
Kuwait,2026,0.0
Kuwait,2027,0.0
Kuwait,2028,0.0
Kuwait,2029,0.0
Kuwait,2030,0.0
Kuwait,2031,0.0
Kuwait,2032,0.0
Kuwait,2033,0.0
Kuwait,2034,0.0
Kuwait,2035,0.0
Kyrgyzstan,2025,6.067486341634549
Kyrgyzstan,2026,5.653571805686283
Kyrgyzstan,2027,5.239657269738018
Kyrgyzstan,2028,4.825742733789866
Kyrgyzstan,2029,4.411828197841601
Kyrgyzstan,2030,3.9979136618932216
Kyrgyzstan,2031,3.583999125944956
Kyrgyzstan,2032,3.1700845899966907
Kyrgyzstan,2033,2.756170054048539
Kyrgyzstan,2034,2.3422555181002735
Kyrgyzstan,2035,1.9283409821518944
Lao PDR,2025,23.631817609182917
Lao PDR,2026,23.226572201288377
Lao PDR,2027,22.821326793393837
Lao PDR,2028,22.416081385499183
Lao PDR,2029,22.010835977604643
Lao PDR,2030,21.60559056970999
Lao PDR,2031,21.20034516181545
Lao PDR,2032,20.79509975392091
Lao PDR,2033,20.389854346026254
Lao PDR,2034,19.9846089381316
Lao PDR,2035,19.57936353023706
Latvia,2025,0.0
Latvia,2026,0.0
Latvia,2027,0.0
Latvia,2028,0.0
Latvia,2029,0.0
Latvia,2030,0.0
Latvia,2031,0.0
Latvia,2032,0.0
Latvia,2033,0.0
Latvia,2034,0.0
Latvia,2035,0.0
Lebanon,2025,3.3392282531893898
Lebanon,2026,2.9239692382125213
Lebanon,2027,2.5087102232357665
Lebanon,2028,2.093451208258898
Lebanon,2029,1.6781921932820296
Lebanon,2030,1.2629331783051612
Lebanon,2031,0.8476741633284064
Lebanon,2032,0.43241514835153794
Lebanon,2033,0.01715613337466948
Lebanon,2034,0.0
Lebanon,2035,0.0
Lesotho,2025,21.617610567683755
Lesotho,2026,21.211375283296093
Lesotho,2027,20.805139998908658
Lesotho,2028,20.39890471452111
Lesotho,2029,19.99266943013356
Lesotho,2030,19.586434145745898
Lesotho,2031,19.18019886135835
Lesotho,2032,18.773963576970914
Lesotho,2033,18.36772829258325
Lesotho,2034,17.961493008195703
Lesotho,2035,17.555257723808154
Liberia,2025,31.924987546782063
Liberia,2026,31.5238404729987
Liberia,2027,31.12269339921545
Liberia,2028,30.721546325432087
Liberia,2029,30.320399251648723
Liberia,2030,29.91925217786536
Liberia,2031,29.51810510408211
Liberia,2032,29.116958030298747
Liberia,2033,28.715810956515384
Liberia,2034,28.31466388273202
Liberia,2035,27.913516808948543
Libya,2025,11.653497061797111
Libya,2026,11.242346004820433
Libya,2027,10.831194947843983
Libya,2028,10.420043890867305
Libya,2029,10.008892833890627
Libya,2030,9.59774177691395
Libya,2031,9.186590719937499
Libya,2032,8.775439662960821
Libya,2033,8.364288605984143
Libya,2034,7.953137549007579
Libya,2035,7.541986492030901
Lithuania,2025,0.2695842123367811
Lithuania,2026,0.0
Lithuania,2027,0.0
Lithuania,2028,0.0
Lithuania,2029,0.0
Lithuania,2030,0.0
Lithuania,2031,0.0
Lithuania,2032,0.0
Lithuania,2033,0.0
Lithuania,2034,0.0
Lithuania,2035,0.0
Madagascar,2025,31.915222563830866
Madagascar,2026,31.51407368186301
Madagascar,2027,31.112924799895154
Madagascar,2028,30.71177591792741
Madagascar,2029,30.310627035959556
Madagascar,2030,29.9094781539917
Madagascar,2031,29.508329272023843
Madagascar,2032,29.107180390055987
Madagascar,2033,28.706031508088245
Madagascar,2034,28.30488262612039
Madagascar,2035,27.903733744152532
Malawi,2025,23.965279869939764
Malawi,2026,23.560200380262586
Malawi,2027,23.155120890585522
Malawi,2028,22.750041400908344
Malawi,2029,22.344961911231167
Malawi,2030,21.93988242155399
Malawi,2031,21.534802931876925
Malawi,2032,21.129723442199747
Malawi,2033,20.72464395252257
Malawi,2034,20.319564462845392
Malawi,2035,19.914484973168328
Malaysia,2025,8.446663899298528
Malaysia,2026,8.03392700524796
Malaysia,2027,7.621190111197507
Malaysia,2028,7.208453217146939
Malaysia,2029,6.7957163230963715
Malaysia,2030,6.382979429045804
Malaysia,2031,5.97024253499535
Malaysia,2032,5.5575056409447825
Malaysia,2033,5.144768746894215
Malaysia,2034,4.732031852843647
Malaysia,2035,4.319294958792966
Mali,2025,25.429032035530895
Mali,2026,25.02467624451981
Mali,2027,24.620320453508725
Mali,2028,24.21596466249764
Mali,2029,23.811608871486555
Mali,2030,23.40725308047547
Mali,2031,23.0028972894645
Mali,2032,22.5985414984533
Mali,2033,22.194185707442216
Mali,2034,21.78982991643113
Mali,2035,21.385474125420046
Mauritania,2025,17.873870731024567
Mauritania,2026,17.465787609786844
Mauritania,2027,17.057704488549007
Mauritania,2028,16.64962136731117
Mauritania,2029,16.241538246073333
Mauritania,2030,15.833455124835496
Mauritania,2031,15.425372003597772
Mauritania,2032,15.017288882359935
Mauritania,2033,14.609205761122098
Mauritania,2034,14.201122639884261
Mauritania,2035,13.793039518646424
Mauritius,2025,8.522197099430628
Mauritius,2026,8.109497515241287
Mauritius,2027,7.696797931051947
Mauritius,2028,7.284098346862606
Mauritius,2029,6.871398762673152
Mauritius,2030,6.458699178483812
Mauritius,2031,6.045999594294585
Mauritius,2032,5.633300010105131
Mauritius,2033,5.220600425915791
Mauritius,2034,4.807900841726337
Mauritius,2035,4.395201257536996
Mexico,2025,2.8069853559640023
Mexico,2026,2.391462751165477
Mexico,2027,1.975940146366952
Mexico,2028,1.560417541568313
Mexico,2029,1.1448949367696741
Mexico,2030,0.7293723319710352
Mexico,2031,0.3138497271726237
Mexico,2032,0.0
Mexico,2033,0.0
Mexico,2034,0.0
Mexico,2035,0.0
Moldova (Rep. of),2025,6.438131349692981
Moldova (Rep. of),2026,6.024398521463809
Moldova (Rep. of),2027,5.610665693234637
Moldova (Rep. of),2028,5.196932865005465
Moldova (Rep. of),2029,4.783200036776293
Moldova (Rep. of),2030,4.369467208547007
Moldova (Rep. of),2031,3.955734380317949
Moldova (Rep. of),2032,3.5420015520887773
Moldova (Rep. of),2033,3.1282687238596054
Moldova (Rep. of),2034,2.71453589563032
Moldova (Rep. of),2035,2.300803067401148
Mongolia,2025,9.54194914101788
Mongolia,2026,9.129745888647108
Mongolia,2027,8.717542636276448
Mongolia,2028,8.305339383905789
Mongolia,2029,7.893136131535016
Mongolia,2030,7.480932879164357
Mongolia,2031,7.0687296267935835
Mongolia,2032,6.6565263744228105
Mongolia,2033,6.244323122052151
Mongolia,2034,5.832119869681492
Mongolia,2035,5.419916617310719
Montenegro,2025,1.328950767955348
Montenegro,2026,0.9126978036301807
Montenegro,2027,0.4964448393050134
Montenegro,2028,0.08019187497984603
Montenegro,2029,0.0
Montenegro,2030,0.0
Montenegro,2031,0.0
Montenegro,2032,0.0
Montenegro,2033,0.0
Montenegro,2034,0.0
Montenegro,2035,0.0
Morocco,2025,6.0992170014403655
Morocco,2026,5.68531942092693
Morocco,2027,5.271421840413495
Morocco,2028,4.85752425990006
Morocco,2029,4.443626679386512
Morocco,2030,4.0297290988730765
Morocco,2031,3.6158315183596414
Morocco,2032,3.2019339378462064
Morocco,2033,2.7880363573326576
Morocco,2034,2.3741387768192226
Morocco,2035,1.9602411963056738
Mozambique,2025,32.22350955111506
Mozambique,2026,31.822509226817488
Mozambique,2027,31.42150890252003
Mozambique,2028,31.02050857822246
Mozambique,2029,30.61950825392489
Mozambique,2030,30.21850792962732
Mozambique,2031,29.817507605329865
Mozambique,2032,29.416507281032295
Mozambique,2033,29.015506956734725
Mozambique,2034,28.614506632437156
Mozambique,2035,28.213506308139586
Myanmar,2025,20.35918033630071
Myanmar,2026,19.95231849052709
Myanmar,2027,19.54545664475347
Myanmar,2028,19.13859479897974
Myanmar,2029,18.73173295320612
Myanmar,2030,18.3248711074325
Myanmar,2031,17.91800926165888
Myanmar,2032,17.51114741588526
Myanmar,2033,17.104285570111642
Myanmar,2034,16.69742372433791
Myanmar,2035,16.290561878564404
Namibia,2025,18.677017268444047
Namibia,2026,18.269330366865574
Namibia,2027,17.861643465287102
Namibia,2028,17.45395656370863
Namibia,2029,17.046269662130157
Namibia,2030,16.63858276055157
Namibia,2031,16.230895858973213
Namibia,2032,15.82320895739474
Namibia,2033,15.415522055816268
Namibia,2034,15.007835154237682
Namibia,2035,14.60014825265921
Nepal,2025,20.213630430223816
Nepal,2026,19.80669776883167
Nepal,2027,19.399765107439748
Nepal,2028,18.992832446047714
Nepal,2029,18.585899784655567
Nepal,2030,18.178967123263533
Nepal,2031,17.772034461871613
Nepal,2032,17.365101800479465
Nepal,2033,16.95816913908743
Nepal,2034,16.551236477695397
Nepal,2035,16.14430381630325
Nicaragua,2025,11.50567615135401
Nicaragua,2026,11.094447787080185
Nicaragua,2027,10.683219422806587
Nicaragua,2028,10.271991058532763
Nicaragua,2029,9.860762694259051
Nicaragua,2030,9.449534329985227
Nicaragua,2031,9.03830596571163
Nicaragua,2032,8.627077601437804
Nicaragua,2033,8.215849237164093
Nicaragua,2034,7.804620872890268
Nicaragua,2035,7.393392508616557
Niger,2025,34.71189255991192
Niger,2026,34.31212055608137
Niger,2027,33.91234855225093
Niger,2028,33.5125765484205
Niger,2029,33.112804544590176
Niger,2030,32.71303254075963
Niger,2031,32.31326053692919
Niger,2032,31.913488533098757
Niger,2033,31.51371652926821
Niger,2034,31.113944525437887
Niger,2035,30.714172521607452
Nigeria,2025,27.38012125918374
Nigeria,2026,26.976731641413267
Nigeria,2027,26.573342023642795
Nigeria,2028,26.169952405872323
Nigeria,2029,25.76656278810185
Nigeria,2030,25.36317317033138
Nigeria,2031,24.95978355256102
Nigeria,2032,24.55639393479055
Nigeria,2033,24.153004317020077
Nigeria,2034,23.74961469924949
Nigeria,2035,23.34622508147902
North Macedonia,2025,0.3200065456876473
North Macedonia,2026,0.0
North Macedonia,2027,0.0
North Macedonia,2028,0.0
North Macedonia,2029,0.0
North Macedonia,2030,0.0
North Macedonia,2031,0.0
North Macedonia,2032,0.0
North Macedonia,2033,0.0
North Macedonia,2034,0.0
North Macedonia,2035,0.0
Oman,2025,6.5819402643635385
Oman,2026,6.168281976810476
Oman,2027,5.754623689257414
Oman,2028,5.3409654017042385
Oman,2029,4.927307114151063
Oman,2030,4.513648826598001
Oman,2031,4.0999905390449385
Oman,2032,3.6863322514917627
Oman,2033,3.2726739639387006
Oman,2034,2.859015676385525
Oman,2035,2.445357388832349
Pakistan,2025,24.864420785930974
Pakistan,2026,24.459788935541724
Pakistan,2027,24.055157085152587
Pakistan,2028,23.65052523476345
Pakistan,2029,23.2458933843742
Pakistan,2030,22.841261533984948
Pakistan,2031,22.43662968359581
Pakistan,2032,22.03199783320656
Pakistan,2033,21.627365982817423
Pakistan,2034,21.222734132428172
Pakistan,2035,20.818102282039035
Panama,2025,6.545395209630783
Panama,2026,6.131716646697669
Panama,2027,5.718038083764554
Panama,2028,5.304359520831326
Panama,2029,4.890680957898098
Panama,2030,4.47700239496487
Panama,2031,4.063323832031756
Panama,2032,3.649645269098528
Panama,2033,3.2359667061653
Panama,2034,2.822288143232072
Panama,2035,2.408609580298844
Papua New Guinea,2025,26.055062713653115
Papua New Guinea,2026,25.651020410450883
Papua New Guinea,2027,25.24697810724865
Papua New Guinea,2028,24.842935804046306
Papua New Guinea,2029,24.43889350084396
Papua New Guinea,2030,24.034851197641615
Papua New Guinea,2031,23.630808894439383
Papua New Guinea,2032,23.226766591237038
Papua New Guinea,2033,22.822724288034692
Papua New Guinea,2034,22.418681984832347
Papua New Guinea,2035,22.01463968163
Paraguay,2025,2.8286860263385734
Paraguay,2026,2.413173460422172
Paraguay,2027,1.9976608945057706
Paraguay,2028,1.5821483285892555
Paraguay,2029,1.166635762672854
Paraguay,2030,0.751123196756339
Paraguay,2031,0.33561063084005127
Paraguay,2032,0.0
Paraguay,2033,0.0
Paraguay,2034,0.0
Paraguay,2035,0.0
Peru,2025,7.018790582382962
Peru,2026,6.605344880016219
Peru,2027,6.191899177649361
Peru,2028,5.778453475282504
Peru,2029,5.36500777291576
Peru,2030,4.951562070548903
Peru,2031,4.538116368182045
Peru,2032,4.124670665815188
Peru,2033,3.711224963448444
Peru,2034,3.2977792610817005
Peru,2035,2.884333558714843
Philippines,2025,13.768462558697706
Philippines,2026,13.358351276962708
Philippines,2027,12.948239995227823
Philippines,2028,12.538128713492938
Philippines,2029,12.12801743175794
Philippines,2030,11.717906150022941
Philippines,2031,11.30779486828817
Philippines,2032,10.897683586553171
Philippines,2033,10.487572304818173
Philippines,2034,10.077461023083174
Philippines,2035,9.66734974134829
Romania,2025,0.5203919804653196
Romania,2026,0.10374080176973166
Romania,2027,0.0
Romania,2028,0.0
Romania,2029,0.0
Romania,2030,0.0
Romania,2031,0.0
Romania,2032,0.0
Romania,2033,0.0
Romania,2034,0.0
Romania,2035,0.0
Russian Federation,2025,1.1964796855642135
Russian Federation,2026,0.780161736494847
Russian Federation,2027,0.3638437874254805
Russian Federation,2028,0.0
Russian Federation,2029,0.0
Russian Federation,2030,0.0
Russian Federation,2031,0.0
Russian Federation,2032,0.0
Russian Federation,2033,0.0
Russian Federation,2034,0.0
Russian Federation,2035,0.0
Rwanda,2025,28.892827152914037
Rwanda,2026,28.490180214806287
Rwanda,2027,28.08753327669865
Rwanda,2028,27.6848863385909
Rwanda,2029,27.282239400483036
Rwanda,2030,26.879592462375285
Rwanda,2031,26.47694552426765
Rwanda,2032,26.074298586159784
Rwanda,2033,25.671651648052034
Rwanda,2034,25.269004709944284
Rwanda,2035,24.866357771836533
Saudi Arabia,2025,4.416387727526512
Saudi Arabia,2026,4.001659706177861
Saudi Arabia,2027,3.5869316848294375
Saudi Arabia,2028,3.1722036634807864
Saudi Arabia,2029,2.7574756421321354
Saudi Arabia,2030,2.3427476207834843
Saudi Arabia,2031,1.9280195994350606
Saudi Arabia,2032,1.5132915780864096
Saudi Arabia,2033,1.0985635567377585
Saudi Arabia,2034,0.6838355353892211
Saudi Arabia,2035,0.2691075140405701
Senegal,2025,16.546440881233593
Senegal,2026,16.13769851371967
Senegal,2027,15.72895614620586
Senegal,2028,15.320213778691937
Senegal,2029,14.911471411178013
Senegal,2030,14.50272904366409
Senegal,2031,14.09398667615028
Senegal,2032,13.685244308636356
Senegal,2033,13.276501941122433
Senegal,2034,12.86775957360851
Senegal,2035,12.459017206094586
Serbia,2025,1.529043103299955
Serbia,2026,1.1128888320930628
Serbia,2027,0.6967345608862843
Serbia,2028,0.2805802896793921
Serbia,2029,0.0
Serbia,2030,0.0
Serbia,2031,0.0
Serbia,2032,0.0
Serbia,2033,0.0
Serbia,2034,0.0
Serbia,2035,0.0
Sierra Leone,2025,36.48483441183612
Sierra Leone,2026,36.08593528683184
Sierra Leone,2027,35.687036161827336
Sierra Leone,2028,35.288137036822945
Sierra Leone,2029,34.889237911818554
Sierra Leone,2030,34.49033878681416
Sierra Leone,2031,34.091439661809886
Sierra Leone,2032,33.692540536805495
Sierra Leone,2033,33.293641411801104
Sierra Leone,2034,32.89474228679671
Sierra Leone,2035,32.49584316179232
Slovakia,2025,0.3202071454762745
Slovakia,2026,0.0
Slovakia,2027,0.0
Slovakia,2028,0.0
Slovakia,2029,0.0
Slovakia,2030,0.0
Slovakia,2031,0.0
Slovakia,2032,0.0
Slovakia,2033,0.0
Slovakia,2034,0.0
Slovakia,2035,0.0
Solomon Islands,2025,14.565555209255308
Solomon Islands,2026,14.155840898119777
Solomon Islands,2027,13.746126586984246
Solomon Islands,2028,13.336412275848602
Solomon Islands,2029,12.926697964712957
Solomon Islands,2030,12.516983653577313
Solomon Islands,2031,12.107269342441782
Solomon Islands,2032,11.697555031306251
Solomon Islands,2033,11.287840720170607
Solomon Islands,2034,10.878126409034962
Solomon Islands,2035,10.468412097899318
Somalia,2025,48.926613262722526
Somalia,2026,48.53386057175965
Somalia,2027,48.141107880796994
Somalia,2028,47.74835518983423
Somalia,2029,47.35560249887135
Somalia,2030,46.96284980790858
Somalia,2031,46.57009711694593
Somalia,2032,46.17734442598305
Somalia,2033,45.784591735020285
Somalia,2034,45.391839044057406
Somalia,2035,44.99908635309464
South Africa,2025,9.976019575484884
South Africa,2026,9.56403684257441
South Africa,2027,9.152054109663936
South Africa,2028,8.740071376753463
South Africa,2029,8.328088643843103
South Africa,2030,7.9161059109327425
South Africa,2031,7.504123178022269
South Africa,2032,7.092140445111795
South Africa,2033,6.680157712201321
South Africa,2034,6.268174979290961
South Africa,2035,5.856192246380488
Sri Lanka,2025,11.050671552463996
Sri Lanka,2026,10.639218084043591
Sri Lanka,2027,10.227764615623414
Sri Lanka,2028,9.81631114720301
Sri Lanka,2029,9.404857678782605
Sri Lanka,2030,8.9934042103622
Sri Lanka,2031,8.581950741942023
Sri Lanka,2032,8.170497273521619
Sri Lanka,2033,7.759043805101214
Sri Lanka,2034,7.34759033668081
Sri Lanka,2035,6.936136868260405
Sudan,2025,26.534653238847795
Sudan,2026,26.130846630815313
Sudan,2027,25.72704002278283
Sudan,2028,25.323233414750348
Sudan,2029,24.919426806717865
Sudan,2030,24.51562019868527
Sudan,2031,24.1118135906529
Sudan,2032,23.708006982620418
Sudan,2033,23.304200374587822
Sudan,2034,22.90039376655534
Sudan,2035,22.496587158522857
Suriname,2025,6.6329643970804
Suriname,2026,6.219331443871511
Suriname,2027,5.805698490662849
Suriname,2028,5.392065537453959
Suriname,2029,4.9784325842451835
Suriname,2030,4.564799631036294
Suriname,2031,4.1511666778275185
Suriname,2032,3.737533724618743
Suriname,2033,3.3239007714098534
Suriname,2034,2.9102678182010777
Suriname,2035,2.4966348649921883
Syrian Arab Republic,2025,16.305491016236147
Syrian Arab Republic,2026,15.8966416002487
Syrian Arab Republic,2027,15.487792184261252
Syrian Arab Republic,2028,15.078942768273691
Syrian Arab Republic,2029,14.670093352286358
Syrian Arab Republic,2030,14.26124393629891
Syrian Arab Republic,2031,13.852394520311464
Syrian Arab Republic,2032,13.443545104323903
Syrian Arab Republic,2033,13.034695688336456
Syrian Arab Republic,2034,12.625846272349122
Syrian Arab Republic,2035,12.216996856361675
Tajikistan,2025,19.600839338150763
Tajikistan,2026,19.193602318799435
Tajikistan,2027,18.78636529944822
Tajikistan,2028,18.379128280096893
Tajikistan,2029,17.971891260745565
Tajikistan,2030,17.564654241394237
Tajikistan,2031,17.157417222043023
Tajikistan,2032,16.75018020269158
Tajikistan,2033,16.342943183340253
Tajikistan,2034,15.935706163988925
Tajikistan,2035,15.528469144637597
Tanzania (United Rep. of),2025,24.37327233188546
Tanzania (United Rep. of),2026,23.968395378631726
Tanzania (United Rep. of),2027,23.563518425377993
Tanzania (United Rep. of),2028,23.158641472124145
Tanzania (United Rep. of),2029,22.753764518870412
Tanzania (United Rep. of),2030,22.348887565616565
Tanzania (United Rep. of),2031,21.944010612362945
Tanzania (United Rep. of),2032,21.539133659109098
Tanzania (United Rep. of),2033,21.134256705855364
Tanzania (United Rep. of),2034,20.729379752601517
Tanzania (United Rep. of),2035,20.32450279934767
Thailand,2025,7.254015973690116
Thailand,2026,6.8406881491421245
Thailand,2027,6.427360324594247
Thailand,2028,6.014032500046255
Thailand,2029,5.600704675498264
Thailand,2030,5.1873768509502725
Thailand,2031,4.774049026402395
Thailand,2032,4.360721201854403
Thailand,2033,3.947393377306298
Thailand,2034,3.5340655527583067
Thailand,2035,3.1207377282103153
Timor-Leste,2025,30.666780387395875
Timor-Leste,2026,30.265011409116596
Timor-Leste,2027,29.86324243083743
Timor-Leste,2028,29.461473452558153
Timor-Leste,2029,29.059704474278874
Timor-Leste,2030,28.657935495999595
Timor-Leste,2031,28.256166517720317
Timor-Leste,2032,27.854397539441152
Timor-Leste,2033,27.452628561161873
Timor-Leste,2034,27.050859582882595
Timor-Leste,2035,26.649090604603316
Togo,2025,22.408305829614505
Togo,2026,22.002458059149035
Togo,2027,21.596610288683678
Togo,2028,21.190762518218207
Togo,2029,20.784914747752623
Togo,2030,20.379066977287152
Togo,2031,19.973219206821796
Togo,2032,19.567371436356325
Togo,2033,19.161523665890854
Togo,2034,18.75567589542527
Togo,2035,18.3498281249598
Trinidad & Tobago,2025,4.901819087596095
Trinidad & Tobago,2026,4.48733222667704
Trinidad & Tobago,2027,4.0728453657580985
Trinidad & Tobago,2028,3.6583585048390432
Trinidad & Tobago,2029,3.243871643919988
Trinidad & Tobago,2030,2.8293847830009327
Trinidad & Tobago,2031,2.414897922081991
Trinidad & Tobago,2032,2.0004110611629358
Trinidad & Tobago,2033,1.5859242002438805
Trinidad & Tobago,2034,1.1714373393248252
Trinidad & Tobago,2035,0.7569504784057699
Tunisia,2025,2.0275454868054794
Tunisia,2026,1.6116380845401181
Tunisia,2027,1.1957306822749842
Tunisia,2028,0.7798232800097367
Tunisia,2029,0.3639158777444891
Tunisia,2030,0.0
Tunisia,2031,0.0
Tunisia,2032,0.0
Tunisia,2033,0.0
Tunisia,2034,0.0
Tunisia,2035,0.0
Turkmenistan,2025,8.331977847181633
Turkmenistan,2026,7.919181569586158
Turkmenistan,2027,7.5063852919905685
Turkmenistan,2028,7.093589014395093
Turkmenistan,2029,6.680792736799617
Turkmenistan,2030,6.2679964592041415
Turkmenistan,2031,5.855200181608552
Turkmenistan,2032,5.4424039040130765
Turkmenistan,2033,5.029607626417487
Turkmenistan,2034,4.616811348822125
Turkmenistan,2035,4.204015071226536
Türkiye,2025,1.1463582518962312
Türkiye,2026,0.7300155909722434
Türkiye,2027,0.3136729300483694
Türkiye,2028,0.0
Türkiye,2029,0.0
Türkiye,2030,0.0
Türkiye,2031,0.0
Türkiye,2032,0.0
Türkiye,2033,0.0
Türkiye,2034,0.0
Türkiye,2035,0.0
Uganda,2025,25.146858913970846
Uganda,2026,24.742367647454785
Uganda,2027,24.337876380938837
Uganda,2028,23.933385114422776
Uganda,2029,23.528893847906602
Uganda,2030,23.12440258139054
Uganda,2031,22.719911314874594
Uganda,2032,22.315420048358533
Uganda,2033,21.910928781842472
Uganda,2034,21.50643751532641
Uganda,2035,21.10194624881035
Ukraine,2025,3.58823062322017
Ukraine,2026,3.1730940608676974
Ukraine,2027,2.7579574985153386
Ukraine,2028,2.342820936162866
Ukraine,2029,1.9276843738103935
Ukraine,2030,1.512547811457921
Ukraine,2031,1.097411249105562
Ukraine,2032,0.6822746867530896
Ukraine,2033,0.267138124400617
Ukraine,2034,0.0
Ukraine,2035,0.0
United Arab Emirates,2025,0.046194208558631544
United Arab Emirates,2026,0.0
United Arab Emirates,2027,0.0
United Arab Emirates,2028,0.0
United Arab Emirates,2029,0.0
United Arab Emirates,2030,0.0
United Arab Emirates,2031,0.0
United Arab Emirates,2032,0.0
United Arab Emirates,2033,0.0
United Arab Emirates,2034,0.0
United Arab Emirates,2035,0.0
Uruguay,2025,0.3198059458991338
Uruguay,2026,0.0
Uruguay,2027,0.0
Uruguay,2028,0.0
Uruguay,2029,0.0
Uruguay,2030,0.0
Uruguay,2031,0.0
Uruguay,2032,0.0
Uruguay,2033,0.0
Uruguay,2034,0.0
Uruguay,2035,0.0
Uzbekistan,2025,7.109103760181938
Uzbekistan,2026,6.695700634137097
Uzbekistan,2027,6.28229750809237
Uzbekistan,2028,5.868894382047529
Uzbekistan,2029,5.455491256002688
Uzbekistan,2030,5.042088129957847
Uzbekistan,2031,4.6286850039131195
Uzbekistan,2032,4.215281877868279
Uzbekistan,2033,3.8018787518234376
Uzbekistan,2034,3.3884756257785966
Uzbekistan,2035,2.9750724997337556
Venezuela (Boliv. Rep. of),2025,7.875733756356908
Venezuela (Boliv. Rep. of),2026,7.462716445500064
Venezuela (Boliv. Rep. of),2027,7.049699134643333
Venezuela (Boliv. Rep. of),2028,6.636681823786375
Venezuela (Boliv. Rep. of),2029,6.223664512929531
Venezuela (Boliv. Rep. of),2030,5.810647202072687
Venezuela (Boliv. Rep. of),2031,5.397629891215956
Venezuela (Boliv. Rep. of),2032,4.984612580359112
Venezuela (Boliv. Rep. of),2033,4.571595269502268
Venezuela (Boliv. Rep. of),2034,4.15857795864531
Venezuela (Boliv. Rep. of),2035,3.7455606477884658
Viet Nam,2025,12.62764116496055
Viet Nam,2026,12.216964840396713
Viet Nam,2027,11.806288515832875
Viet Nam,2028,11.395612191269038
Viet Nam,2029,10.984935866705086
Viet Nam,2030,10.574259542141363
Viet Nam,2031,10.163583217577525
Viet Nam,2032,9.752906893013687
Viet Nam,2033,9.342230568449736
Viet Nam,2034,8.931554243885898
Viet Nam,2035,8.520877919322174
Yemen,2025,34.82022382548405
Yemen,2026,34.42051174864196
Yemen,2027,34.02079967179998
Yemen,2028,33.621087594957885
Yemen,2029,33.22137551811579
Yemen,2030,32.8216634412737
Yemen,2031,32.42195136443172
Yemen,2032,32.02223928758963
Yemen,2033,31.622527210747535
Yemen,2034,31.222815133905442
Yemen,2035,30.82310305706335
Zambia,2025,35.13185660248371
Zambia,2026,34.73229046490269
Zambia,2027,34.332724327321785
Zambia,2028,33.933158189740766
Zambia,2029,33.533592052159634
Zambia,2030,33.134025914578615
Zambia,2031,32.73445977699771
Zambia,2032,32.33489363941669
Zambia,2033,31.935327501835673
Zambia,2034,31.535761364254654
Zambia,2035,31.13619522667352
Zimbabwe,2025,25.320929883235635
Zimbabwe,2026,24.916524174475853
Zimbabwe,2027,24.5121184657163
Zimbabwe,2028,24.107712756956516
Zimbabwe,2029,23.703307048196848
Zimbabwe,2030,23.29890133943718
Zimbabwe,2031,22.89449563067751
Zimbabwe,2032,22.490089921917843
Zimbabwe,2033,22.08568421315806
Zimbabwe,2034,21.681278504398392
Zimbabwe,2035,21.276872795638724
